Model,Accuracy,Precision,Recall,F1-Score,ROC-AUC
Random Forest,0.8527247939670102,0.8020781372635017,0.8527247939670102,0.7928997301418704,0.6748425842043291
Gradient Boosting,0.8525405617853327,0.8051542523192674,0.8525405617853327,0.7857095210877508,0.6671053805357672
Logistic Regression,0.852270354585539,0.7603330263316104,0.852270354585539,0.7846033932659434,0.6402569619221166
Decision Tree,0.851017575750132,0.7918835569160569,0.851017575750132,0.7930821260319006,0.6734014659051512
